{
  "weight": [
    0.48404605262785244,
    0.1716216216218066
  ],
  "bias": -0.30000000000000004
}